<Page
    navigatingTo="onNavigatingTo"  
    xmlns="http://schemas.nativescript.org/tns.xsd"
    xmlns:ui="@nativescript/firebase-admob">

    <ActionBar>
        <Label>
            <FormattedString>
                <Span text="&#xf0eb;" class="far" />
                <Span text="&nbsp;&nbsp;ABOUT" />
            </FormattedString>
        </Label>
        <ActionItem tap="openUrl" text="Blog" url="https://www.kang-cahya.com" android.position="popup" />
        <ActionItem tap="openUrl" text="Github" url="https://github.com/dyazincahya" android.position="popup" />
        <ActionItem tap="openUrl" text="Official Site" url="https://x-labs.my.id" android.position="popup" />
        <!-- <ActionItem tap="openUrl" text="Developer Page" url="https://play.google.com/store/apps/dev?id=8941046243892038548" android.position="popup" /> -->
    </ActionBar>

    <ScrollView height="100%" width="100%" orientation="vertical" marginTop="30">
        <StackLayout orientation="vertical" class="about">
            
            <Label textWrap="true" class="header">
                <FormattedString>
                    <Span text="&#xf2bb;" class="far" />
                    <Span text="&nbsp;This Apps" />
                </FormattedString>
            </Label>

            <Label text="Name" textWrap="true" class="title" marginTop="10" />
            <Label text="WA Sender" textWrap="true" class="desc" />
            
            <Label text="Description" textWrap="true" class="title" marginTop="10" />
            <Label text="With this apps, you can send message whatsapp to everybody, to every number phone without you save the number" textWrap="true" class="desc" />
            
            <Label text="Version" textWrap="true" class="title" marginTop="10" />
            <Label text="1.1.6 build 21" textWrap="true" class="desc" />

            <Label text="Developer" textWrap="true" class="title" marginTop="10" />
            <Label text="X-LABS.my.id" textWrap="true" class="desc" />

            <Label textWrap="true" class="header" marginTop="35">
                <FormattedString>
                    <Span text="&#xf5c2;" class="far" />
                    <Span text="&nbsp;Feedback And Support" />
                </FormattedString>
            </Label>

            <GridLayout marginTop="10" columns="*,*">
                <StackLayout col="0">
                    <Label text="Give 5 Start" textWrap="true" class="title" />
                    <Label text="Don't forget to give 5 star for this apps on Playstore" textWrap="true" class="desc" />
                    <Button text="Rate Now" tap="rateNow" class="rate-button" />
                </StackLayout>
                <StackLayout col="1">
                    <Label text="Bugs Report" textWrap="true" class="title" />
                    <Label text="Don't forget report to us if you found a bugs on this apps" textWrap="true" class="desc" />
                    <Button text="Report Now" tap="reportNow" class="report-button" />
                </StackLayout>
            </GridLayout>

            <Label textWrap="true" class="header" marginTop="35">
                <FormattedString>
                    <Span text="&#xf25d;" class="far" />
                    <Span text="&nbsp;Credit" />
                </FormattedString>
            </Label>

            <Label text="Font Icon" textWrap="true" class="title" marginTop="10" />
            <Label text="fontawesome.com" textWrap="true" class="desc" />

            <Label text="Icon Apps" textWrap="true" class="title" marginTop="10" />
            <Label text="flaticon.com/free-icons/direction" textWrap="true" class="desc" />
            <Label text="flaticon.com/authors/murmur" textWrap="true" class="desc" />  

            <Label textWrap="true" class="header" marginTop="35">
                <FormattedString>
                    <Span text="&#xf3ab;" class="fab" />
                    <Span text="&nbsp;Our other Apps" />
                </FormattedString>
            </Label>
            <ListView height="{{ heightListView }}" items="{{ items }}" itemTap="onItemTap" separatorColor="#40aeff" class="list-group" marginTop="10" visibility="{{ items ? 'visible' : 'collapsed' }}">
                <ListView.itemTemplate>
                    <GridLayout class="list-group-item" rows="auto,auto,auto" columns="10, auto, 10, *, 10" tap="openUrl" url="{{ playstore_url }}">
                        <Image src="{{ icon_url }}" verticalAlignment="middle" height="45" row="0" rowSpan="2" col="1" />
                        <Label text="{{ name }}" fontSize="16" fontWeight="bold" textWrap="true" row="0" col="3" />
                        <Label text="{{ short_description }}" textWrap="true" row="1" col="3" />
                        <!-- <Button tap="openUrl" url="{{ playstore_url }}" text="Download Playstore" class="btn-playstore" row="2" col="1" colSpan="3" /> -->
                    </GridLayout>
                </ListView.itemTemplate>
            </ListView> 
            <GridLayout rows="auto,auto,auto" marginTop="30" class="page__content" visibility="{{ !items ? 'visible' : 'collapsed' }}">
                <Label row="0" class="page__content-icon fas" text="&#xf01c;"></Label>
                <Label row="1" class="page__content-placeholder" text="No apps!"></Label>
                <Button row="2" tap="refresh" text="Refresh" width="100" />
            </GridLayout>        
        </StackLayout>
    </ScrollView>
</Page>